Year,ZIP Code,Cancer Group,Male Count,Female Count,Total Count
2016-2020,60002,Lung & Bronchus,56.00,58.00,114.00
2016-2020,60004,Lung & Bronchus,61.00,82.00,143.00
2016-2020,60084,Lung & Bronchus,29.00,28.00,57.00
2016-2020,60085,Lung & Bronchus,68.00,66.00,134.00
2016-2020,60087,Lung & Bronchus,49.00,34.00,83.00
2016-2020,60088,Lung & Bronchus,3.00,1.00,4.00
2016-2020,60089,Lung & Bronchus,57.00,54.00,111.00
2016-2020,60090,Lung & Bronchus,55.00,70.00,125.00
2016-2020,60091,Lung & Bronchus,25.00,47.00,72.00
2016-2020,60093,Lung & Bronchus,14.00,37.00,51.00
2016-2020,60096,Lung & Bronchus,19.00,13.00,32.00
2016-2020,60097,Lung & Bronchus,29.00,24.00,53.00
2016-2020,60098,Lung & Bronchus,60.00,48.00,108.00
2016-2020,60099,Lung & Bronchus,46.00,59.00,105.00
2016-2020,60101,Lung & Bronchus,66.00,69.00,135.00
2016-2020,60102,Lung & Bronchus,48.00,45.00,93.00
2016-2020,60103,Lung & Bronchus,43.00,62.00,105.00
2016-2020,60104,Lung & Bronchus,32.00,28.00,60.00
2016-2020,60106,Lung & Bronchus,40.00,44.00,84.00
2016-2020,60107,Lung & Bronchus,58.00,65.00,123.00
2016-2020,60108,Lung & Bronchus,45.00,57.00,102.00
2016-2020,60109,Lung & Bronchus,0.00,1.00,1.00
2016-2020,60110,Lung & Bronchus,41.00,33.00,74.00
2016-2020,60112,Lung & Bronchus,7.00,5.00,12.00
2016-2020,60113,Lung & Bronchus,0.00,3.00,3.00
2016-2020,60115,Lung & Bronchus,56.00,53.00,109.00
2016-2020,60118,Lung & Bronchus,21.00,39.00,60.00
2016-2020,60119,Lung & Bronchus,15.00,12.00,27.00
2016-2020,60120,Lung & Bronchus,40.00,53.00,93.00
2016-2020,60121,Lung & Bronchus,0.00,1.00,1.00
2016-2020,60123,Lung & Bronchus,72.00,75.00,147.00
2016-2020,60124,Lung & Bronchus,34.00,33.00,67.00
2016-2020,60126,Lung & Bronchus,53.00,64.00,117.00
2016-2020,60129,Lung & Bronchus,0.00,3.00,3.00
2016-2020,60130,Lung & Bronchus,25.00,21.00,46.00
2016-2020,60131,Lung & Bronchus,35.00,27.00,62.00
2016-2020,60133,Lung & Bronchus,42.00,41.00,83.00
2016-2020,60134,Lung & Bronchus,30.00,42.00,72.00
2016-2020,60135,Lung & Bronchus,14.00,15.00,29.00
2016-2020,60136,Lung & Bronchus,7.00,3.00,10.00
2016-2020,60137,Lung & Bronchus,42.00,66.00,108.00
2016-2020,60139,Lung & Bronchus,43.00,38.00,81.00
2016-2020,60140,Lung & Bronchus,32.00,28.00,60.00
2016-2020,60141,Lung & Bronchus,3.00,2.00,5.00
2016-2020,60142,Lung & Bronchus,79.00,87.00,166.00
2016-2020,60143,Lung & Bronchus,24.00,21.00,45.00
2016-2020,60145,Lung & Bronchus,6.00,5.00,11.00
2016-2020,60146,Lung & Bronchus,8.00,11.00,19.00
2016-2020,60148,Lung & Bronchus,96.00,95.00,191.00
2016-2020,60150,Lung & Bronchus,1.00,2.00,3.00
2016-2020,60151,Lung & Bronchus,10.00,5.00,15.00
2016-2020,60152,Lung & Bronchus,26.00,16.00,42.00
2016-2020,60153,Lung & Bronchus,43.00,38.00,81.00
2016-2020,60154,Lung & Bronchus,39.00,41.00,80.00
2016-2020,60155,Lung & Bronchus,23.00,20.00,43.00
2016-2020,60156,Lung & Bronchus,35.00,32.00,67.00
2016-2020,60157,Lung & Bronchus,11.00,7.00,18.00
2016-2020,60160,Lung & Bronchus,27.00,27.00,54.00
2016-2020,60161,Lung & Bronchus,2.00,0.00,2.00
2016-2020,60162,Lung & Bronchus,16.00,11.00,27.00
2016-2020,60163,Lung & Bronchus,14.00,10.00,24.00
2016-2020,60164,Lung & Bronchus,44.00,43.00,87.00
2016-2020,60165,Lung & Bronchus,2.00,3.00,5.00
2016-2020,60169,Lung & Bronchus,45.00,52.00,97.00
2016-2020,60171,Lung & Bronchus,18.00,25.00,43.00
2016-2020,60172,Lung & Bronchus,53.00,45.00,98.00
2016-2020,60173,Lung & Bronchus,14.00,13.00,27.00
2016-2020,60174,Lung & Bronchus,55.00,55.00,110.00
2016-2020,60175,Lung & Bronchus,18.00,24.00,42.00
2016-2020,60176,Lung & Bronchus,20.00,11.00,31.00
2016-2020,60177,Lung & Bronchus,35.00,30.00,65.00
2016-2020,60178,Lung & Bronchus,43.00,36.00,79.00
2016-2020,60180,Lung & Bronchus,4.00,4.00,8.00
2016-2020,60181,Lung & Bronchus,52.00,46.00,98.00
2016-2020,60183,Lung & Bronchus,0.00,1.00,1.00
2016-2020,60184,Lung & Bronchus,3.00,6.00,9.00
2016-2020,60185,Lung & Bronchus,42.00,46.00,88.00
2016-2020,60187,Lung & Bronchus,37.00,37.00,74.00
2016-2020,60188,Lung & Bronchus,59.00,58.00,117.00
2016-2020,60189,Lung & Bronchus,37.00,47.00,84.00
2016-2020,60190,Lung & Bronchus,10.00,18.00,28.00
2016-2020,60191,Lung & Bronchus,33.00,32.00,65.00
2016-2020,60192,Lung & Bronchus,15.00,14.00,29.00
2016-2020,60193,Lung & Bronchus,66.00,87.00,153.00
2016-2020,60194,Lung & Bronchus,32.00,30.00,62.00
2016-2020,60195,Lung & Bronchus,3.00,4.00,7.00
2016-2020,60201,Lung & Bronchus,55.00,58.00,113.00
2016-2020,60202,Lung & Bronchus,39.00,30.00,69.00
2016-2020,60203,Lung & Bronchus,6.00,6.00,12.00
2016-2020,60301,Lung & Bronchus,3.00,3.00,6.00
2016-2020,60302,Lung & Bronchus,38.00,56.00,94.00
2016-2020,60304,Lung & Bronchus,13.00,15.00,28.00
2016-2020,60305,Lung & Bronchus,11.00,20.00,31.00
2016-2020,60401,Lung & Bronchus,21.00,20.00,41.00
2016-2020,60402,Lung & Bronchus,69.00,86.00,155.00
2016-2020,60403,Lung & Bronchus,33.00,42.00,75.00
2016-2020,60404,Lung & Bronchus,46.00,36.00,82.00
2016-2020,60406,Lung & Bronchus,33.00,31.00,64.00
2016-2020,60407,Lung & Bronchus,3.00,10.00,13.00
2016-2020,60408,Lung & Bronchus,18.00,14.00,32.00
2016-2020,60409,Lung & Bronchus,62.00,81.00,143.00
2016-2020,60410,Lung & Bronchus,16.00,25.00,41.00
2016-2020,60411,Lung & Bronchus,96.00,101.00,197.00
2016-2020,60415,Lung & Bronchus,30.00,35.00,65.00
2016-2020,60416,Lung & Bronchus,18.00,17.00,35.00
2016-2020,60417,Lung & Bronchus,44.00,36.00,80.00
2016-2020,60418,Lung & Bronchus,21.00,49.00,70.00
2016-2020,60419,Lung & Bronchus,44.00,41.00,85.00
2016-2020,60420,Lung & Bronchus,10.00,14.00,24.00
2016-2020,60421,Lung & Bronchus,7.00,8.00,15.00
2016-2020,60422,Lung & Bronchus,13.00,19.00,32.00
2016-2020,60423,Lung & Bronchus,46.00,52.00,98.00
2016-2020,60424,Lung & Bronchus,6.00,5.00,11.00
2016-2020,60425,Lung & Bronchus,14.00,20.00,34.00
2016-2020,60426,Lung & Bronchus,49.00,30.00,79.00
2016-2020,60428,Lung & Bronchus,32.00,24.00,56.00
2016-2020,60429,Lung & Bronchus,27.00,38.00,65.00
2016-2020,60430,Lung & Bronchus,33.00,27.00,60.00
2016-2020,60431,Lung & Bronchus,32.00,33.00,65.00
2016-2020,60432,Lung & Bronchus,21.00,19.00,40.00
2016-2020,60433,Lung & Bronchus,38.00,41.00,79.00
2016-2020,60434,Lung & Bronchus,3.00,1.00,4.00
2016-2020,60435,Lung & Bronchus,74.00,102.00,176.00
2016-2020,60436,Lung & Bronchus,38.00,39.00,77.00
2016-2020,60438,Lung & Bronchus,56.00,65.00,121.00
2016-2020,60439,Lung & Bronchus,28.00,32.00,60.00
2016-2020,60440,Lung & Bronchus,77.00,76.00,153.00
2016-2020,60441,Lung & Bronchus,52.00,46.00,98.00
2016-2020,60442,Lung & Bronchus,17.00,5.00,22.00
2016-2020,60443,Lung & Bronchus,41.00,28.00,69.00
2016-2020,60444,Lung & Bronchus,6.00,4.00,10.00
2016-2020,60445,Lung & Bronchus,24.00,32.00,56.00
2016-2020,60446,Lung & Bronchus,37.00,75.00,112.00
2016-2020,60447,Lung & Bronchus,7.00,29.00,36.00
2016-2020,60448,Lung & Bronchus,43.00,48.00,91.00
2016-2020,60449,Lung & Bronchus,22.00,18.00,40.00
2016-2020,60450,Lung & Bronchus,46.00,48.00,94.00
2016-2020,60451,Lung & Bronchus,54.00,48.00,102.00
2016-2020,60452,Lung & Bronchus,47.00,61.00,108.00
2016-2020,60453,Lung & Bronchus,125.00,163.00,288.00
2016-2020,60454,Lung & Bronchus,1.00,0.00,1.00
2016-2020,60455,Lung & Bronchus,32.00,40.00,72.00
2016-2020,60456,Lung & Bronchus,9.00,26.00,35.00
2016-2020,60457,Lung & Bronchus,30.00,27.00,57.00
2016-2020,60458,Lung & Bronchus,22.00,29.00,51.00
2016-2020,60459,Lung & Bronchus,53.00,60.00,113.00
2016-2020,60460,Lung & Bronchus,4.00,6.00,10.00
2016-2020,60461,Lung & Bronchus,12.00,15.00,27.00
2016-2020,60462,Lung & Bronchus,82.00,81.00,163.00
2016-2020,60463,Lung & Bronchus,40.00,68.00,108.00
2016-2020,60464,Lung & Bronchus,23.00,41.00,64.00
2016-2020,60465,Lung & Bronchus,36.00,42.00,78.00
2016-2020,60466,Lung & Bronchus,39.00,43.00,82.00
2016-2020,60467,Lung & Bronchus,60.00,61.00,121.00
2016-2020,60468,Lung & Bronchus,14.00,11.00,25.00
2016-2020,60469,Lung & Bronchus,7.00,5.00,12.00
2016-2020,60470,Lung & Bronchus,1.00,1.00,2.00
2016-2020,60471,Lung & Bronchus,15.00,18.00,33.00
2016-2020,60472,Lung & Bronchus,15.00,8.00,23.00
2016-2020,60473,Lung & Bronchus,34.00,43.00,77.00
2016-2020,60474,Lung & Bronchus,1.00,2.00,3.00
2016-2020,60475,Lung & Bronchus,25.00,20.00,45.00
2016-2020,60476,Lung & Bronchus,5.00,8.00,13.00
2016-2020,60477,Lung & Bronchus,71.00,87.00,158.00
2016-2020,60478,Lung & Bronchus,25.00,29.00,54.00
2016-2020,60479,Lung & Bronchus,2.00,0.00,2.00
2016-2020,60480,Lung & Bronchus,13.00,17.00,30.00
2016-2020,60481,Lung & Bronchus,44.00,35.00,79.00
2016-2020,60482,Lung & Bronchus,30.00,27.00,57.00
2016-2020,60484,Lung & Bronchus,9.00,11.00,20.00
2016-2020,60487,Lung & Bronchus,36.00,43.00,79.00
2016-2020,60490,Lung & Bronchus,12.00,12.00,24.00
2016-2020,60491,Lung & Bronchus,52.00,39.00,91.00
2016-2020,60501,Lung & Bronchus,16.00,13.00,29.00
2016-2020,60502,Lung & Bronchus,19.00,23.00,42.00
2016-2020,60503,Lung & Bronchus,11.00,12.00,23.00
2016-2020,60504,Lung & Bronchus,25.00,27.00,52.00
2016-2020,60505,Lung & Bronchus,61.00,45.00,106.00
2016-2020,60506,Lung & Bronchus,58.00,71.00,129.00
2016-2020,60507,Lung & Bronchus,2.00,0.00,2.00
2016-2020,60510,Lung & Bronchus,39.00,36.00,75.00
2016-2020,60511,Lung & Bronchus,0.00,2.00,2.00
2016-2020,60512,Lung & Bronchus,3.00,1.00,4.00
2016-2020,60513,Lung & Bronchus,36.00,34.00,70.00
2016-2020,60514,Lung & Bronchus,5.00,11.00,16.00
2016-2020,60515,Lung & Bronchus,42.00,71.00,113.00
2016-2020,60516,Lung & Bronchus,43.00,45.00,88.00
2016-2020,60517,Lung & Bronchus,43.00,35.00,78.00
2016-2020,60518,Lung & Bronchus,15.00,17.00,32.00
2016-2020,60519,Lung & Bronchus,0.00,1.00,1.00
2016-2020,60520,Lung & Bronchus,5.00,4.00,9.00
2016-2020,60521,Lung & Bronchus,9.00,21.00,30.00
2016-2020,60523,Lung & Bronchus,26.00,37.00,63.00
2016-2020,60525,Lung & Bronchus,58.00,93.00,151.00
2016-2020,60526,Lung & Bronchus,26.00,23.00,49.00
2016-2020,60527,Lung & Bronchus,37.00,65.00,102.00
2016-2020,60530,Lung & Bronchus,1.00,4.00,5.00
2016-2020,60531,Lung & Bronchus,6.00,2.00,8.00
2016-2020,60532,Lung & Bronchus,36.00,57.00,93.00
2016-2020,60534,Lung & Bronchus,27.00,20.00,47.00
2016-2020,60536,Lung & Bronchus,1.00,1.00,2.00
2016-2020,60537,Lung & Bronchus,1.00,0.00,1.00
2016-2020,60538,Lung & Bronchus,30.00,39.00,69.00
2016-2020,60540,Lung & Bronchus,42.00,47.00,89.00
2016-2020,60541,Lung & Bronchus,4.00,6.00,10.00
2016-2020,60542,Lung & Bronchus,25.00,26.00,51.00
2016-2020,60543,Lung & Bronchus,36.00,47.00,83.00
2016-2020,60544,Lung & Bronchus,55.00,57.00,112.00
2016-2020,60545,Lung & Bronchus,20.00,11.00,31.00
2016-2020,60546,Lung & Bronchus,18.00,28.00,46.00
2016-2020,60548,Lung & Bronchus,34.00,24.00,58.00
2016-2020,60549,Lung & Bronchus,0.00,1.00,1.00
2016-2020,60550,Lung & Bronchus,3.00,3.00,6.00
2016-2020,60551,Lung & Bronchus,9.00,8.00,17.00
2016-2020,60552,Lung & Bronchus,7.00,7.00,14.00
2016-2020,60553,Lung & Bronchus,3.00,0.00,3.00
2016-2020,60554,Lung & Bronchus,22.00,18.00,40.00
2016-2020,60555,Lung & Bronchus,23.00,16.00,39.00
2016-2020,60556,Lung & Bronchus,6.00,5.00,11.00
2016-2020,60558,Lung & Bronchus,14.00,11.00,25.00
2016-2020,60559,Lung & Bronchus,32.00,48.00,80.00
2016-2020,60560,Lung & Bronchus,45.00,27.00,72.00
2016-2020,60561,Lung & Bronchus,38.00,37.00,75.00
2016-2020,60563,Lung & Bronchus,31.00,38.00,69.00
2016-2020,60564,Lung & Bronchus,33.00,24.00,57.00
2016-2020,60565,Lung & Bronchus,34.00,32.00,66.00
2016-2020,60567,Lung & Bronchus,1.00,0.00,1.00
2016-2020,60585,Lung & Bronchus,20.00,23.00,43.00
2016-2020,60586,Lung & Bronchus,46.00,43.00,89.00
2016-2020,60601,Lung & Bronchus,5.00,11.00,16.00
2016-2020,60602,Lung & Bronchus,1.00,0.00,1.00
2016-2020,60604,Lung & Bronchus,1.00,0.00,1.00
2016-2020,60605,Lung & Bronchus,21.00,30.00,51.00
2016-2020,60606,Lung & Bronchus,5.00,2.00,7.00
2016-2020,60607,Lung & Bronchus,14.00,18.00,32.00
2016-2020,60608,Lung & Bronchus,73.00,75.00,148.00
2016-2020,60609,Lung & Bronchus,86.00,92.00,178.00
2016-2020,60610,Lung & Bronchus,63.00,79.00,142.00
2016-2020,60611,Lung & Bronchus,42.00,53.00,95.00
2016-2020,60612,Lung & Bronchus,57.00,62.00,119.00
2016-2020,60613,Lung & Bronchus,43.00,46.00,89.00
2016-2020,60614,Lung & Bronchus,63.00,72.00,135.00
2016-2020,60615,Lung & Bronchus,46.00,74.00,120.00
2016-2020,60616,Lung & Bronchus,112.00,109.00,221.00
2016-2020,60617,Lung & Bronchus,156.00,137.00,293.00
2016-2020,60618,Lung & Bronchus,64.00,67.00,131.00
2016-2020,60619,Lung & Bronchus,108.00,175.00,283.00
2016-2020,60620,Lung & Bronchus,157.00,176.00,333.00
2016-2020,60621,Lung & Bronchus,56.00,81.00,137.00
2016-2020,60622,Lung & Bronchus,37.00,33.00,70.00
2016-2020,60623,Lung & Bronchus,71.00,68.00,139.00
2016-2020,60624,Lung & Bronchus,62.00,66.00,128.00
2016-2020,60625,Lung & Bronchus,81.00,57.00,138.00
2016-2020,60626,Lung & Bronchus,71.00,34.00,105.00
2016-2020,60628,Lung & Bronchus,145.00,148.00,293.00
2016-2020,60629,Lung & Bronchus,107.00,83.00,190.00
2016-2020,60630,Lung & Bronchus,70.00,69.00,139.00
2016-2020,60631,Lung & Bronchus,56.00,62.00,118.00
2016-2020,60632,Lung & Bronchus,55.00,47.00,102.00
2016-2020,60633,Lung & Bronchus,27.00,20.00,47.00
2016-2020,60634,Lung & Bronchus,96.00,123.00,219.00
2016-2020,60636,Lung & Bronchus,73.00,75.00,148.00
2016-2020,60637,Lung & Bronchus,65.00,104.00,169.00
2016-2020,60638,Lung & Bronchus,98.00,103.00,201.00
2016-2020,60639,Lung & Bronchus,79.00,66.00,145.00
2016-2020,60640,Lung & Bronchus,79.00,77.00,156.00
2016-2020,60641,Lung & Bronchus,94.00,84.00,178.00
2016-2020,60642,Lung & Bronchus,16.00,15.00,31.00
2016-2020,60643,Lung & Bronchus,97.00,112.00,209.00
2016-2020,60644,Lung & Bronchus,110.00,91.00,201.00
2016-2020,60645,Lung & Bronchus,52.00,54.00,106.00
2016-2020,60646,Lung & Bronchus,46.00,43.00,89.00
2016-2020,60647,Lung & Bronchus,48.00,40.00,88.00
2016-2020,60649,Lung & Bronchus,93.00,99.00,192.00
2016-2020,60651,Lung & Bronchus,91.00,85.00,176.00
2016-2020,60652,Lung & Bronchus,43.00,81.00,124.00
2016-2020,60653,Lung & Bronchus,62.00,90.00,152.00
2016-2020,60654,Lung & Bronchus,15.00,12.00,27.00
2016-2020,60655,Lung & Bronchus,50.00,77.00,127.00
2016-2020,60656,Lung & Bronchus,49.00,44.00,93.00
2016-2020,60657,Lung & Bronchus,31.00,60.00,91.00
2016-2020,60659,Lung & Bronchus,51.00,43.00,94.00
2016-2020,60660,Lung & Bronchus,44.00,50.00,94.00
2016-2020,60661,Lung & Bronchus,3.00,3.00,6.00
2016-2020,60664,Lung & Bronchus,1.00,0.00,1.00
2016-2020,60680,Lung & Bronchus,0.00,1.00,1.00
2016-2020,60690,Lung & Bronchus,1.00,1.00,2.00
2016-2020,60706,Lung & Bronchus,45.00,48.00,93.00
2016-2020,60707,Lung & Bronchus,77.00,80.00,157.00
2016-2020,60712,Lung & Bronchus,22.00,22.00,44.00
2016-2020,60714,Lung & Bronchus,60.00,68.00,128.00
2016-2020,60803,Lung & Bronchus,42.00,67.00,109.00
2016-2020,60804,Lung & Bronchus,63.00,49.00,112.00
2016-2020,60805,Lung & Bronchus,25.00,50.00,75.00
2016-2020,60827,Lung & Bronchus,38.00,38.00,76.00
2016-2020,60901,Lung & Bronchus,98.00,85.00,183.00
2016-2020,60910,Lung & Bronchus,4.00,2.00,6.00
2016-2020,60911,Lung & Bronchus,5.00,2.00,7.00
2016-2020,60913,Lung & Bronchus,3.00,5.00,8.00
2016-2020,60914,Lung & Bronchus,51.00,49.00,100.00
2016-2020,60915,Lung & Bronchus,26.00,24.00,50.00
2016-2020,60917,Lung & Bronchus,2.00,1.00,3.00
2016-2020,60918,Lung & Bronchus,4.00,2.00,6.00
2016-2020,60919,Lung & Bronchus,1.00,1.00,2.00
2016-2020,60921,Lung & Bronchus,7.00,5.00,12.00
2016-2020,60922,Lung & Bronchus,9.00,7.00,16.00
2016-2020,60924,Lung & Bronchus,3.00,2.00,5.00
2016-2020,60927,Lung & Bronchus,3.00,6.00,9.00
2016-2020,60928,Lung & Bronchus,0.00,1.00,1.00
2016-2020,60929,Lung & Bronchus,1.00,1.00,2.00
2016-2020,60930,Lung & Bronchus,1.00,2.00,3.00
2016-2020,60931,Lung & Bronchus,2.00,2.00,4.00
2016-2020,60932,Lung & Bronchus,0.00,1.00,1.00
2016-2020,60933,Lung & Bronchus,3.00,0.00,3.00
2016-2020,60934,Lung & Bronchus,1.00,1.00,2.00
2016-2020,60935,Lung & Bronchus,3.00,4.00,7.00
2016-2020,60936,Lung & Bronchus,11.00,6.00,17.00
2016-2020,60938,Lung & Bronchus,6.00,6.00,12.00
2016-2020,60940,Lung & Bronchus,7.00,5.00,12.00
2016-2020,60941,Lung & Bronchus,7.00,0.00,7.00
2016-2020,60942,Lung & Bronchus,15.00,22.00,37.00
2016-2020,60944,Lung & Bronchus,1.00,0.00,1.00
2016-2020,60945,Lung & Bronchus,2.00,0.00,2.00
2016-2020,60946,Lung & Bronchus,1.00,0.00,1.00
2016-2020,60948,Lung & Bronchus,6.00,2.00,8.00
2016-2020,60949,Lung & Bronchus,1.00,2.00,3.00
2016-2020,60950,Lung & Bronchus,33.00,33.00,66.00
2016-2020,60951,Lung & Bronchus,2.00,3.00,5.00
2016-2020,60952,Lung & Bronchus,1.00,0.00,1.00
2016-2020,60953,Lung & Bronchus,8.00,6.00,14.00
2016-2020,60954,Lung & Bronchus,25.00,24.00,49.00
2016-2020,60955,Lung & Bronchus,4.00,2.00,6.00
2016-2020,60956,Lung & Bronchus,2.00,1.00,3.00
2016-2020,60957,Lung & Bronchus,17.00,10.00,27.00
2016-2020,60958,Lung & Bronchus,4.00,7.00,11.00
2016-2020,60959,Lung & Bronchus,1.00,2.00,3.00
2016-2020,60960,Lung & Bronchus,4.00,2.00,6.00
2016-2020,60961,Lung & Bronchus,0.00,4.00,4.00
2016-2020,60962,Lung & Bronchus,5.00,1.00,6.00
2016-2020,60963,Lung & Bronchus,15.00,10.00,25.00
2016-2020,60964,Lung & Bronchus,19.00,13.00,32.00
2016-2020,60966,Lung & Bronchus,5.00,4.00,9.00
2016-2020,60967,Lung & Bronchus,2.00,1.00,3.00
2016-2020,60968,Lung & Bronchus,2.00,1.00,3.00
2016-2020,60970,Lung & Bronchus,28.00,19.00,47.00
2016-2020,60973,Lung & Bronchus,2.00,2.00,4.00
2016-2020,60974,Lung & Bronchus,0.00,3.00,3.00
2016-2020,61001,Lung & Bronchus,2.00,1.00,3.00
2016-2020,61006,Lung & Bronchus,6.00,4.00,10.00
2016-2020,61007,Lung & Bronchus,2.00,0.00,2.00
2016-2020,61008,Lung & Bronchus,78.00,74.00,152.00
2016-2020,61010,Lung & Bronchus,13.00,23.00,36.00
2016-2020,61011,Lung & Bronchus,6.00,0.00,6.00
2016-2020,61012,Lung & Bronchus,3.00,3.00,6.00
2016-2020,61013,Lung & Bronchus,1.00,2.00,3.00
2016-2020,61014,Lung & Bronchus,2.00,1.00,3.00
2016-2020,61015,Lung & Bronchus,3.00,6.00,9.00
2016-2020,61016,Lung & Bronchus,14.00,9.00,23.00
2016-2020,61018,Lung & Bronchus,1.00,2.00,3.00
2016-2020,61019,Lung & Bronchus,11.00,8.00,19.00
2016-2020,61020,Lung & Bronchus,4.00,1.00,5.00
2016-2020,61021,Lung & Bronchus,58.00,53.00,111.00
2016-2020,61024,Lung & Bronchus,5.00,4.00,9.00
2016-2020,61025,Lung & Bronchus,12.00,15.00,27.00
2016-2020,61028,Lung & Bronchus,5.00,4.00,9.00
2016-2020,61030,Lung & Bronchus,4.00,7.00,11.00
2016-2020,61031,Lung & Bronchus,4.00,2.00,6.00
2016-2020,61032,Lung & Bronchus,77.00,77.00,154.00
2016-2020,61036,Lung & Bronchus,15.00,18.00,33.00
2016-2020,61038,Lung & Bronchus,7.00,1.00,8.00
2016-2020,61039,Lung & Bronchus,2.00,1.00,3.00
2016-2020,61041,Lung & Bronchus,5.00,2.00,7.00
2016-2020,61042,Lung & Bronchus,3.00,3.00,6.00
2016-2020,61046,Lung & Bronchus,4.00,7.00,11.00
2016-2020,61047,Lung & Bronchus,5.00,3.00,8.00
2016-2020,61048,Lung & Bronchus,10.00,6.00,16.00
2016-2020,61049,Lung & Bronchus,3.00,1.00,4.00
2016-2020,61050,Lung & Bronchus,1.00,1.00,2.00
2016-2020,61051,Lung & Bronchus,5.00,2.00,7.00
2016-2020,61052,Lung & Bronchus,5.00,1.00,6.00
2016-2020,61053,Lung & Bronchus,6.00,5.00,11.00
2016-2020,61054,Lung & Bronchus,9.00,8.00,17.00
2016-2020,61057,Lung & Bronchus,1.00,0.00,1.00
2016-2020,61060,Lung & Bronchus,1.00,1.00,2.00
2016-2020,61061,Lung & Bronchus,18.00,22.00,40.00
2016-2020,61062,Lung & Bronchus,0.00,1.00,1.00
2016-2020,61063,Lung & Bronchus,18.00,10.00,28.00
2016-2020,61064,Lung & Bronchus,8.00,8.00,16.00
2016-2020,61065,Lung & Bronchus,22.00,20.00,42.00
2016-2020,61067,Lung & Bronchus,2.00,1.00,3.00
2016-2020,61068,Lung & Bronchus,28.00,23.00,51.00
2016-2020,61070,Lung & Bronchus,0.00,2.00,2.00
2016-2020,61071,Lung & Bronchus,57.00,39.00,96.00
2016-2020,61072,Lung & Bronchus,26.00,22.00,48.00
2016-2020,61073,Lung & Bronchus,27.00,27.00,54.00
2016-2020,61074,Lung & Bronchus,14.00,12.00,26.00
2016-2020,61075,Lung & Bronchus,1.00,0.00,1.00
2016-2020,61078,Lung & Bronchus,3.00,1.00,4.00
2016-2020,61080,Lung & Bronchus,17.00,28.00,45.00
2016-2020,61081,Lung & Bronchus,45.00,45.00,90.00
2016-2020,61084,Lung & Bronchus,10.00,2.00,12.00
2016-2020,61085,Lung & Bronchus,5.00,9.00,14.00
2016-2020,61087,Lung & Bronchus,6.00,4.00,10.00
2016-2020,61088,Lung & Bronchus,8.00,7.00,15.00
2016-2020,61089,Lung & Bronchus,4.00,3.00,7.00
2016-2020,61101,Lung & Bronchus,55.00,46.00,101.00
2016-2020,61102,Lung & Bronchus,37.00,38.00,75.00
2016-2020,61103,Lung & Bronchus,53.00,45.00,98.00
2016-2020,61104,Lung & Bronchus,43.00,27.00,70.00
2016-2020,61107,Lung & Bronchus,55.00,64.00,119.00
2016-2020,61108,Lung & Bronchus,58.00,60.00,118.00
2016-2020,61109,Lung & Bronchus,55.00,63.00,118.00
2016-2020,61110,Lung & Bronchus,1.00,0.00,1.00
2016-2020,61111,Lung & Bronchus,44.00,60.00,104.00
2016-2020,61112,Lung & Bronchus,0.00,2.00,2.00
2016-2020,61114,Lung & Bronchus,28.00,25.00,53.00
2016-2020,61115,Lung & Bronchus,52.00,59.00,111.00
2016-2020,61125,Lung & Bronchus,2.00,1.00,3.00
2016-2020,61131,Lung & Bronchus,1.00,0.00,1.00
2016-2020,61132,Lung & Bronchus,0.00,1.00,1.00
2016-2020,61201,Lung & Bronchus,81.00,77.00,158.00
2016-2020,61230,Lung & Bronchus,5.00,1.00,6.00
2016-2020,61231,Lung & Bronchus,20.00,16.00,36.00
2016-2020,61232,Lung & Bronchus,4.00,2.00,6.00
2016-2020,61233,Lung & Bronchus,1.00,0.00,1.00
2016-2020,61234,Lung & Bronchus,2.00,1.00,3.00
2016-2020,61235,Lung & Bronchus,3.00,4.00,7.00
2016-2020,61238,Lung & Bronchus,3.00,5.00,8.00
2016-2020,61239,Lung & Bronchus,3.00,8.00,11.00
2016-2020,61240,Lung & Bronchus,12.00,13.00,25.00
2016-2020,61241,Lung & Bronchus,16.00,21.00,37.00
2016-2020,61242,Lung & Bronchus,4.00,4.00,8.00
2016-2020,61243,Lung & Bronchus,2.00,0.00,2.00
2016-2020,61244,Lung & Bronchus,63.00,43.00,106.00
2016-2020,61250,Lung & Bronchus,4.00,7.00,11.00
2016-2020,61251,Lung & Bronchus,0.00,1.00,1.00
2016-2020,61252,Lung & Bronchus,10.00,14.00,24.00
2016-2020,61254,Lung & Bronchus,28.00,21.00,49.00
2016-2020,61256,Lung & Bronchus,5.00,4.00,9.00
2016-2020,61257,Lung & Bronchus,4.00,2.00,6.00
2016-2020,61258,Lung & Bronchus,1.00,0.00,1.00
2016-2020,61259,Lung & Bronchus,2.00,3.00,5.00
2016-2020,61260,Lung & Bronchus,3.00,3.00,6.00
2016-2020,61261,Lung & Bronchus,4.00,5.00,9.00
2016-2020,61262,Lung & Bronchus,4.00,2.00,6.00
2016-2020,61263,Lung & Bronchus,3.00,2.00,5.00
2016-2020,61264,Lung & Bronchus,31.00,29.00,60.00
2016-2020,61265,Lung & Bronchus,97.00,117.00,214.00
2016-2020,61270,Lung & Bronchus,15.00,15.00,30.00
2016-2020,61272,Lung & Bronchus,11.00,3.00,14.00
2016-2020,61273,Lung & Bronchus,7.00,9.00,16.00
2016-2020,61274,Lung & Bronchus,2.00,1.00,3.00
2016-2020,61275,Lung & Bronchus,7.00,7.00,14.00
2016-2020,61277,Lung & Bronchus,8.00,10.00,18.00
2016-2020,61278,Lung & Bronchus,6.00,1.00,7.00
2016-2020,61279,Lung & Bronchus,10.00,2.00,12.00
2016-2020,61281,Lung & Bronchus,10.00,3.00,13.00
2016-2020,61282,Lung & Bronchus,25.00,18.00,43.00
2016-2020,61283,Lung & Bronchus,4.00,4.00,8.00
2016-2020,61284,Lung & Bronchus,2.00,4.00,6.00
2016-2020,61285,Lung & Bronchus,6.00,6.00,12.00
2016-2020,61301,Lung & Bronchus,38.00,25.00,63.00
2016-2020,61310,Lung & Bronchus,9.00,10.00,19.00
2016-2020,61312,Lung & Bronchus,0.00,3.00,3.00
2016-2020,61313,Lung & Bronchus,0.00,1.00,1.00
2016-2020,61314,Lung & Bronchus,4.00,2.00,6.00
2016-2020,61315,Lung & Bronchus,2.00,2.00,4.00
2016-2020,61316,Lung & Bronchus,0.00,2.00,2.00
2016-2020,61317,Lung & Bronchus,1.00,1.00,2.00
2016-2020,61318,Lung & Bronchus,1.00,2.00,3.00
2016-2020,61319,Lung & Bronchus,7.00,2.00,9.00
2016-2020,61320,Lung & Bronchus,0.00,3.00,3.00
2016-2020,61321,Lung & Bronchus,2.00,0.00,2.00
2016-2020,61322,Lung & Bronchus,5.00,5.00,10.00
2016-2020,61323,Lung & Bronchus,1.00,2.00,3.00
2016-2020,61324,Lung & Bronchus,1.00,1.00,2.00
2016-2020,61325,Lung & Bronchus,0.00,2.00,2.00
2016-2020,61326,Lung & Bronchus,7.00,5.00,12.00
2016-2020,61327,Lung & Bronchus,3.00,6.00,9.00
2016-2020,61329,Lung & Bronchus,2.00,5.00,7.00
2016-2020,61330,Lung & Bronchus,4.00,5.00,9.00
2016-2020,61333,Lung & Bronchus,0.00,1.00,1.00
2016-2020,61334,Lung & Bronchus,5.00,3.00,8.00
2016-2020,61335,Lung & Bronchus,0.00,1.00,1.00
2016-2020,61336,Lung & Bronchus,3.00,1.00,4.00
2016-2020,61337,Lung & Bronchus,1.00,3.00,4.00
2016-2020,61338,Lung & Bronchus,2.00,1.00,3.00
2016-2020,61341,Lung & Bronchus,33.00,27.00,60.00
2016-2020,61342,Lung & Bronchus,19.00,21.00,40.00
2016-2020,61344,Lung & Bronchus,1.00,2.00,3.00
2016-2020,61345,Lung & Bronchus,2.00,1.00,3.00
2016-2020,61346,Lung & Bronchus,1.00,0.00,1.00
2016-2020,61348,Lung & Bronchus,16.00,13.00,29.00
2016-2020,61349,Lung & Bronchus,3.00,4.00,7.00
2016-2020,61350,Lung & Bronchus,60.00,67.00,127.00
2016-2020,61353,Lung & Bronchus,3.00,4.00,7.00
2016-2020,61354,Lung & Bronchus,30.00,34.00,64.00
2016-2020,61356,Lung & Bronchus,32.00,36.00,68.00
2016-2020,61358,Lung & Bronchus,1.00,4.00,5.00
2016-2020,61359,Lung & Bronchus,1.00,2.00,3.00
2016-2020,61360,Lung & Bronchus,8.00,11.00,19.00
2016-2020,61361,Lung & Bronchus,5.00,5.00,10.00
2016-2020,61362,Lung & Bronchus,14.00,21.00,35.00
2016-2020,61363,Lung & Bronchus,1.00,3.00,4.00
2016-2020,61364,Lung & Bronchus,59.00,52.00,111.00
2016-2020,61367,Lung & Bronchus,1.00,0.00,1.00
2016-2020,61368,Lung & Bronchus,3.00,9.00,12.00
2016-2020,61369,Lung & Bronchus,5.00,5.00,10.00
2016-2020,61370,Lung & Bronchus,2.00,4.00,6.00
2016-2020,61371,Lung & Bronchus,0.00,1.00,1.00
2016-2020,61372,Lung & Bronchus,0.00,3.00,3.00
2016-2020,61373,Lung & Bronchus,10.00,2.00,12.00
2016-2020,61375,Lung & Bronchus,9.00,2.00,11.00
2016-2020,61376,Lung & Bronchus,4.00,2.00,6.00
2016-2020,61377,Lung & Bronchus,5.00,0.00,5.00
2016-2020,61379,Lung & Bronchus,3.00,1.00,4.00
2016-2020,61401,Lung & Bronchus,94.00,100.00,194.00
2016-2020,61410,Lung & Bronchus,13.00,10.00,23.00
2016-2020,61411,Lung & Bronchus,0.00,2.00,2.00
2016-2020,61412,Lung & Bronchus,5.00,3.00,8.00
2016-2020,61413,Lung & Bronchus,3.00,2.00,5.00
2016-2020,61414,Lung & Bronchus,2.00,0.00,2.00
2016-2020,61415,Lung & Bronchus,5.00,3.00,8.00
2016-2020,61416,Lung & Bronchus,1.00,0.00,1.00
2016-2020,61418,Lung & Bronchus,3.00,2.00,5.00
2016-2020,61419,Lung & Bronchus,0.00,1.00,1.00
2016-2020,61420,Lung & Bronchus,1.00,3.00,4.00
2016-2020,61421,Lung & Bronchus,10.00,2.00,12.00
2016-2020,61422,Lung & Bronchus,9.00,15.00,24.00
2016-2020,61423,Lung & Bronchus,1.00,1.00,2.00
2016-2020,61424,Lung & Bronchus,1.00,1.00,2.00
2016-2020,61425,Lung & Bronchus,6.00,1.00,7.00
2016-2020,61427,Lung & Bronchus,4.00,8.00,12.00
2016-2020,61428,Lung & Bronchus,3.00,0.00,3.00
2016-2020,61430,Lung & Bronchus,4.00,1.00,5.00
2016-2020,61431,Lung & Bronchus,2.00,2.00,4.00
2016-2020,61432,Lung & Bronchus,1.00,2.00,3.00
2016-2020,61434,Lung & Bronchus,11.00,10.00,21.00
2016-2020,61435,Lung & Bronchus,2.00,0.00,2.00
2016-2020,61436,Lung & Bronchus,9.00,2.00,11.00
2016-2020,61437,Lung & Bronchus,2.00,2.00,4.00
2016-2020,61438,Lung & Bronchus,1.00,3.00,4.00
2016-2020,61439,Lung & Bronchus,3.00,1.00,4.00
2016-2020,61440,Lung & Bronchus,4.00,7.00,11.00
2016-2020,61441,Lung & Bronchus,3.00,0.00,3.00
2016-2020,61442,Lung & Bronchus,2.00,5.00,7.00
2016-2020,61443,Lung & Bronchus,35.00,48.00,83.00
2016-2020,61447,Lung & Bronchus,1.00,2.00,3.00
2016-2020,61448,Lung & Bronchus,12.00,8.00,20.00
2016-2020,61450,Lung & Bronchus,2.00,2.00,4.00
2016-2020,61451,Lung & Bronchus,2.00,0.00,2.00
2016-2020,61452,Lung & Bronchus,0.00,1.00,1.00
2016-2020,61453,Lung & Bronchus,5.00,3.00,8.00
2016-2020,61454,Lung & Bronchus,3.00,2.00,5.00
2016-2020,61455,Lung & Bronchus,27.00,29.00,56.00
2016-2020,61458,Lung & Bronchus,4.00,3.00,7.00
2016-2020,61460,Lung & Bronchus,1.00,0.00,1.00
2016-2020,61462,Lung & Bronchus,40.00,34.00,74.00
2016-2020,61465,Lung & Bronchus,6.00,0.00,6.00
2016-2020,61467,Lung & Bronchus,1.00,4.00,5.00
2016-2020,61469,Lung & Bronchus,8.00,8.00,16.00
2016-2020,61470,Lung & Bronchus,2.00,3.00,5.00
2016-2020,61471,Lung & Bronchus,1.00,0.00,1.00
2016-2020,61472,Lung & Bronchus,2.00,1.00,3.00
2016-2020,61473,Lung & Bronchus,10.00,3.00,13.00
2016-2020,61474,Lung & Bronchus,1.00,1.00,2.00
2016-2020,61475,Lung & Bronchus,0.00,1.00,1.00
2016-2020,61476,Lung & Bronchus,4.00,0.00,4.00
2016-2020,61477,Lung & Bronchus,2.00,0.00,2.00
2016-2020,61480,Lung & Bronchus,3.00,4.00,7.00
2016-2020,61482,Lung & Bronchus,2.00,1.00,3.00
2016-2020,61483,Lung & Bronchus,12.00,1.00,13.00
2016-2020,61484,Lung & Bronchus,3.00,1.00,4.00
2016-2020,61485,Lung & Bronchus,2.00,0.00,2.00
2016-2020,61486,Lung & Bronchus,10.00,7.00,17.00
2016-2020,61488,Lung & Bronchus,1.00,1.00,2.00
2016-2020,61489,Lung & Bronchus,1.00,4.00,5.00
2016-2020,61490,Lung & Bronchus,4.00,1.00,5.00
2016-2020,61491,Lung & Bronchus,8.00,5.00,13.00
2016-2020,61501,Lung & Bronchus,2.00,5.00,7.00
2016-2020,61516,Lung & Bronchus,2.00,1.00,3.00
2016-2020,61517,Lung & Bronchus,6.00,7.00,13.00
2016-2020,61519,Lung & Bronchus,0.00,3.00,3.00
2016-2020,61520,Lung & Bronchus,59.00,48.00,107.00
2016-2020,61523,Lung & Bronchus,36.00,31.00,67.00
2016-2020,61524,Lung & Bronchus,1.00,0.00,1.00
2016-2020,61525,Lung & Bronchus,17.00,10.00,27.00
2016-2020,61526,Lung & Bronchus,3.00,3.00,6.00
2016-2020,61528,Lung & Bronchus,8.00,5.00,13.00
2016-2020,61529,Lung & Bronchus,10.00,2.00,12.00
2016-2020,61530,Lung & Bronchus,15.00,12.00,27.00
2016-2020,61531,Lung & Bronchus,12.00,3.00,15.00
2016-2020,61532,Lung & Bronchus,3.00,6.00,9.00
2016-2020,61533,Lung & Bronchus,10.00,7.00,17.00
2016-2020,61534,Lung & Bronchus,2.00,5.00,7.00
2016-2020,61535,Lung & Bronchus,3.00,2.00,5.00
2016-2020,61536,Lung & Bronchus,7.00,6.00,13.00
2016-2020,61537,Lung & Bronchus,14.00,7.00,21.00
2016-2020,61539,Lung & Bronchus,1.00,1.00,2.00
2016-2020,61540,Lung & Bronchus,7.00,16.00,23.00
2016-2020,61542,Lung & Bronchus,19.00,9.00,28.00
2016-2020,61544,Lung & Bronchus,2.00,1.00,3.00
2016-2020,61545,Lung & Bronchus,4.00,1.00,5.00
2016-2020,61546,Lung & Bronchus,18.00,21.00,39.00
2016-2020,61547,Lung & Bronchus,10.00,7.00,17.00
2016-2020,61548,Lung & Bronchus,22.00,23.00,45.00
2016-2020,61550,Lung & Bronchus,31.00,39.00,70.00
2016-2020,61552,Lung & Bronchus,1.00,0.00,1.00
2016-2020,61553,Lung & Bronchus,1.00,1.00,2.00
2016-2020,61554,Lung & Bronchus,132.00,135.00,267.00
2016-2020,61559,Lung & Bronchus,8.00,7.00,15.00
2016-2020,61560,Lung & Bronchus,6.00,3.00,9.00
2016-2020,61561,Lung & Bronchus,5.00,4.00,9.00
2016-2020,61562,Lung & Bronchus,0.00,1.00,1.00
2016-2020,61563,Lung & Bronchus,1.00,5.00,6.00
2016-2020,61564,Lung & Bronchus,5.00,2.00,7.00
2016-2020,61565,Lung & Bronchus,5.00,3.00,8.00
2016-2020,61567,Lung & Bronchus,3.00,1.00,4.00
2016-2020,61568,Lung & Bronchus,6.00,8.00,14.00
2016-2020,61569,Lung & Bronchus,4.00,2.00,6.00
2016-2020,61570,Lung & Bronchus,4.00,8.00,12.00
2016-2020,61571,Lung & Bronchus,49.00,53.00,102.00
2016-2020,61572,Lung & Bronchus,3.00,9.00,12.00
2016-2020,61601,Lung & Bronchus,1.00,0.00,1.00
2016-2020,61602,Lung & Bronchus,5.00,0.00,5.00
2016-2020,61603,Lung & Bronchus,47.00,38.00,85.00
2016-2020,61604,Lung & Bronchus,104.00,82.00,186.00
2016-2020,61605,Lung & Bronchus,47.00,64.00,111.00
2016-2020,61606,Lung & Bronchus,9.00,9.00,18.00
2016-2020,61607,Lung & Bronchus,46.00,27.00,73.00
2016-2020,61610,Lung & Bronchus,24.00,20.00,44.00
2016-2020,61611,Lung & Bronchus,80.00,85.00,165.00
2016-2020,61614,Lung & Bronchus,58.00,64.00,122.00
2016-2020,61615,Lung & Bronchus,55.00,46.00,101.00
2016-2020,61616,Lung & Bronchus,23.00,27.00,50.00
2016-2020,61701,Lung & Bronchus,80.00,69.00,149.00
2016-2020,61702,Lung & Bronchus,1.00,0.00,1.00
2016-2020,61704,Lung & Bronchus,53.00,39.00,92.00
2016-2020,61705,Lung & Bronchus,16.00,18.00,34.00
2016-2020,61720,Lung & Bronchus,1.00,2.00,3.00
2016-2020,61721,Lung & Bronchus,1.00,0.00,1.00
2016-2020,61722,Lung & Bronchus,1.00,1.00,2.00
2016-2020,61723,Lung & Bronchus,5.00,6.00,11.00
2016-2020,61725,Lung & Bronchus,2.00,1.00,3.00
2016-2020,61726,Lung & Bronchus,10.00,3.00,13.00
2016-2020,61727,Lung & Bronchus,37.00,19.00,56.00
2016-2020,61728,Lung & Bronchus,1.00,4.00,5.00
2016-2020,61729,Lung & Bronchus,3.00,1.00,4.00
2016-2020,61730,Lung & Bronchus,1.00,4.00,5.00
2016-2020,61732,Lung & Bronchus,6.00,4.00,10.00
2016-2020,61733,Lung & Bronchus,1.00,5.00,6.00
2016-2020,61734,Lung & Bronchus,8.00,8.00,16.00
2016-2020,61735,Lung & Bronchus,1.00,2.00,3.00
2016-2020,61736,Lung & Bronchus,2.00,3.00,5.00
2016-2020,61737,Lung & Bronchus,0.00,3.00,3.00
2016-2020,61738,Lung & Bronchus,9.00,10.00,19.00
2016-2020,61739,Lung & Bronchus,16.00,10.00,26.00
2016-2020,61740,Lung & Bronchus,3.00,2.00,5.00
2016-2020,61741,Lung & Bronchus,3.00,2.00,5.00
2016-2020,61742,Lung & Bronchus,0.00,1.00,1.00
2016-2020,61743,Lung & Bronchus,1.00,1.00,2.00
2016-2020,61744,Lung & Bronchus,6.00,4.00,10.00
2016-2020,61745,Lung & Bronchus,12.00,6.00,18.00
2016-2020,61747,Lung & Bronchus,5.00,3.00,8.00
2016-2020,61748,Lung & Bronchus,4.00,2.00,6.00
2016-2020,61749,Lung & Bronchus,0.00,1.00,1.00
2016-2020,61752,Lung & Bronchus,10.00,14.00,24.00
2016-2020,61753,Lung & Bronchus,8.00,10.00,18.00
2016-2020,61754,Lung & Bronchus,3.00,3.00,6.00
2016-2020,61755,Lung & Bronchus,8.00,4.00,12.00
2016-2020,61756,Lung & Bronchus,6.00,7.00,13.00
2016-2020,61759,Lung & Bronchus,4.00,4.00,8.00
2016-2020,61760,Lung & Bronchus,4.00,6.00,10.00
2016-2020,61761,Lung & Bronchus,43.00,44.00,87.00
2016-2020,61764,Lung & Bronchus,40.00,38.00,78.00
2016-2020,61769,Lung & Bronchus,1.00,2.00,3.00
2016-2020,61770,Lung & Bronchus,2.00,2.00,4.00
2016-2020,61771,Lung & Bronchus,1.00,1.00,2.00
2016-2020,61772,Lung & Bronchus,1.00,2.00,3.00
2016-2020,61773,Lung & Bronchus,3.00,0.00,3.00
2016-2020,61774,Lung & Bronchus,3.00,3.00,6.00
2016-2020,61776,Lung & Bronchus,0.00,2.00,2.00
2016-2020,61777,Lung & Bronchus,3.00,2.00,5.00
2016-2020,61778,Lung & Bronchus,4.00,2.00,6.00
2016-2020,61801,Lung & Bronchus,18.00,12.00,30.00
2016-2020,61802,Lung & Bronchus,41.00,44.00,85.00
2016-2020,61803,Lung & Bronchus,0.00,1.00,1.00
2016-2020,61810,Lung & Bronchus,0.00,2.00,2.00
2016-2020,61811,Lung & Bronchus,3.00,0.00,3.00
2016-2020,61812,Lung & Bronchus,3.00,0.00,3.00
2016-2020,61813,Lung & Bronchus,6.00,4.00,10.00
2016-2020,61814,Lung & Bronchus,4.00,2.00,6.00
2016-2020,61815,Lung & Bronchus,0.00,1.00,1.00
2016-2020,61817,Lung & Bronchus,8.00,1.00,9.00
2016-2020,61818,Lung & Bronchus,1.00,4.00,5.00
2016-2020,61820,Lung & Bronchus,25.00,27.00,52.00
2016-2020,61821,Lung & Bronchus,45.00,41.00,86.00
2016-2020,61822,Lung & Bronchus,28.00,34.00,62.00
2016-2020,61824,Lung & Bronchus,1.00,0.00,1.00
2016-2020,61826,Lung & Bronchus,2.00,0.00,2.00
2016-2020,61830,Lung & Bronchus,0.00,1.00,1.00
2016-2020,61831,Lung & Bronchus,1.00,0.00,1.00
2016-2020,61832,Lung & Bronchus,136.00,100.00,236.00
2016-2020,61833,Lung & Bronchus,4.00,7.00,11.00
2016-2020,61834,Lung & Bronchus,24.00,28.00,52.00
2016-2020,61839,Lung & Bronchus,1.00,2.00,3.00
2016-2020,61840,Lung & Bronchus,2.00,0.00,2.00
2016-2020,61841,Lung & Bronchus,8.00,3.00,11.00
2016-2020,61842,Lung & Bronchus,8.00,7.00,15.00
2016-2020,61843,Lung & Bronchus,8.00,3.00,11.00
2016-2020,61844,Lung & Bronchus,1.00,2.00,3.00
2016-2020,61845,Lung & Bronchus,1.00,0.00,1.00
2016-2020,61846,Lung & Bronchus,22.00,19.00,41.00
2016-2020,61847,Lung & Bronchus,1.00,3.00,4.00
2016-2020,61849,Lung & Bronchus,3.00,6.00,9.00
2016-2020,61850,Lung & Bronchus,3.00,1.00,4.00
2016-2020,61851,Lung & Bronchus,2.00,1.00,3.00
2016-2020,61852,Lung & Bronchus,3.00,0.00,3.00
2016-2020,61853,Lung & Bronchus,28.00,18.00,46.00
2016-2020,61854,Lung & Bronchus,2.00,4.00,6.00
2016-2020,61855,Lung & Bronchus,1.00,0.00,1.00
2016-2020,61856,Lung & Bronchus,21.00,14.00,35.00
2016-2020,61857,Lung & Bronchus,0.00,2.00,2.00
2016-2020,61858,Lung & Bronchus,11.00,5.00,16.00
2016-2020,61859,Lung & Bronchus,1.00,2.00,3.00
2016-2020,61862,Lung & Bronchus,1.00,1.00,2.00
2016-2020,61863,Lung & Bronchus,4.00,2.00,6.00
2016-2020,61864,Lung & Bronchus,1.00,2.00,3.00
2016-2020,61865,Lung & Bronchus,8.00,7.00,15.00
2016-2020,61866,Lung & Bronchus,25.00,26.00,51.00
2016-2020,61870,Lung & Bronchus,1.00,3.00,4.00
2016-2020,61871,Lung & Bronchus,0.00,2.00,2.00
2016-2020,61872,Lung & Bronchus,2.00,0.00,2.00
2016-2020,61873,Lung & Bronchus,11.00,5.00,16.00
2016-2020,61874,Lung & Bronchus,3.00,15.00,18.00
2016-2020,61875,Lung & Bronchus,2.00,0.00,2.00
2016-2020,61876,Lung & Bronchus,2.00,1.00,3.00
2016-2020,61877,Lung & Bronchus,3.00,4.00,7.00
2016-2020,61878,Lung & Bronchus,8.00,6.00,14.00
2016-2020,61880,Lung & Bronchus,7.00,9.00,16.00
2016-2020,61882,Lung & Bronchus,3.00,1.00,4.00
2016-2020,61883,Lung & Bronchus,16.00,16.00,32.00
2016-2020,61884,Lung & Bronchus,2.00,0.00,2.00
2016-2020,61910,Lung & Bronchus,9.00,7.00,16.00
2016-2020,61911,Lung & Bronchus,6.00,9.00,15.00
2016-2020,61912,Lung & Bronchus,2.00,4.00,6.00
2016-2020,61913,Lung & Bronchus,4.00,8.00,12.00
2016-2020,61914,Lung & Bronchus,6.00,6.00,12.00
2016-2020,61917,Lung & Bronchus,2.00,2.00,4.00
2016-2020,61919,Lung & Bronchus,2.00,0.00,2.00
2016-2020,61920,Lung & Bronchus,42.00,44.00,86.00
2016-2020,61924,Lung & Bronchus,10.00,2.00,12.00
2016-2020,61925,Lung & Bronchus,3.00,6.00,9.00
2016-2020,61928,Lung & Bronchus,4.00,3.00,7.00
2016-2020,61929,Lung & Bronchus,1.00,2.00,3.00
2016-2020,61930,Lung & Bronchus,1.00,0.00,1.00
2016-2020,61931,Lung & Bronchus,5.00,4.00,9.00
2016-2020,61932,Lung & Bronchus,3.00,2.00,5.00
2016-2020,61933,Lung & Bronchus,2.00,3.00,5.00
2016-2020,61936,Lung & Bronchus,1.00,1.00,2.00
2016-2020,61937,Lung & Bronchus,6.00,1.00,7.00
2016-2020,61938,Lung & Bronchus,59.00,68.00,127.00
2016-2020,61940,Lung & Bronchus,2.00,0.00,2.00
2016-2020,61942,Lung & Bronchus,3.00,1.00,4.00
2016-2020,61943,Lung & Bronchus,4.00,3.00,7.00
2016-2020,61944,Lung & Bronchus,30.00,27.00,57.00
2016-2020,61949,Lung & Bronchus,0.00,1.00,1.00
2016-2020,61951,Lung & Bronchus,21.00,14.00,35.00
2016-2020,61953,Lung & Bronchus,19.00,15.00,34.00
2016-2020,61955,Lung & Bronchus,0.00,1.00,1.00
2016-2020,61956,Lung & Bronchus,9.00,5.00,14.00
2016-2020,61957,Lung & Bronchus,5.00,5.00,10.00
2016-2020,62001,Lung & Bronchus,3.00,1.00,4.00
2016-2020,62002,Lung & Bronchus,90.00,100.00,190.00
2016-2020,62006,Lung & Bronchus,2.00,2.00,4.00
2016-2020,62009,Lung & Bronchus,13.00,4.00,17.00
2016-2020,62010,Lung & Bronchus,23.00,37.00,60.00
2016-2020,62011,Lung & Bronchus,2.00,0.00,2.00
2016-2020,62012,Lung & Bronchus,26.00,11.00,37.00
2016-2020,62013,Lung & Bronchus,0.00,1.00,1.00
2016-2020,62014,Lung & Bronchus,16.00,11.00,27.00
2016-2020,62015,Lung & Bronchus,1.00,1.00,2.00
2016-2020,62016,Lung & Bronchus,12.00,11.00,23.00
2016-2020,62017,Lung & Bronchus,3.00,5.00,8.00
2016-2020,62018,Lung & Bronchus,12.00,8.00,20.00
2016-2020,62019,Lung & Bronchus,0.00,4.00,4.00
2016-2020,62021,Lung & Bronchus,0.00,3.00,3.00
2016-2020,62022,Lung & Bronchus,4.00,1.00,5.00
2016-2020,62023,Lung & Bronchus,1.00,0.00,1.00
2016-2020,62024,Lung & Bronchus,35.00,47.00,82.00
2016-2020,62025,Lung & Bronchus,71.00,59.00,130.00
2016-2020,62027,Lung & Bronchus,5.00,0.00,5.00
2016-2020,62028,Lung & Bronchus,1.00,2.00,3.00
2016-2020,62030,Lung & Bronchus,1.00,1.00,2.00
2016-2020,62031,Lung & Bronchus,1.00,3.00,4.00
2016-2020,62032,Lung & Bronchus,2.00,2.00,4.00
2016-2020,62033,Lung & Bronchus,19.00,20.00,39.00
2016-2020,62034,Lung & Bronchus,31.00,21.00,52.00
2016-2020,62035,Lung & Bronchus,41.00,54.00,95.00
2016-2020,62036,Lung & Bronchus,3.00,0.00,3.00
2016-2020,62037,Lung & Bronchus,9.00,6.00,15.00
2016-2020,62040,Lung & Bronchus,148.00,133.00,281.00
2016-2020,62044,Lung & Bronchus,3.00,2.00,5.00
2016-2020,62045,Lung & Bronchus,1.00,0.00,1.00
2016-2020,62046,Lung & Bronchus,0.00,3.00,3.00
2016-2020,62047,Lung & Bronchus,4.00,5.00,9.00
2016-2020,62048,Lung & Bronchus,9.00,1.00,10.00
2016-2020,62049,Lung & Bronchus,26.00,25.00,51.00
2016-2020,62050,Lung & Bronchus,3.00,2.00,5.00
2016-2020,62051,Lung & Bronchus,3.00,2.00,5.00
2016-2020,62052,Lung & Bronchus,29.00,35.00,64.00
2016-2020,62053,Lung & Bronchus,0.00,2.00,2.00
2016-2020,62054,Lung & Bronchus,0.00,1.00,1.00
2016-2020,62056,Lung & Bronchus,31.00,16.00,47.00
2016-2020,62058,Lung & Bronchus,4.00,1.00,5.00
2016-2020,62059,Lung & Bronchus,0.00,4.00,4.00
2016-2020,62060,Lung & Bronchus,16.00,15.00,31.00
2016-2020,62061,Lung & Bronchus,6.00,5.00,11.00
2016-2020,62062,Lung & Bronchus,22.00,24.00,46.00
2016-2020,62063,Lung & Bronchus,7.00,2.00,9.00
2016-2020,62067,Lung & Bronchus,6.00,10.00,16.00
2016-2020,62069,Lung & Bronchus,13.00,8.00,21.00
2016-2020,62074,Lung & Bronchus,3.00,1.00,4.00
2016-2020,62075,Lung & Bronchus,11.00,11.00,22.00
2016-2020,62076,Lung & Bronchus,2.00,1.00,3.00
2016-2020,62077,Lung & Bronchus,3.00,2.00,5.00
2016-2020,62078,Lung & Bronchus,1.00,0.00,1.00
2016-2020,62079,Lung & Bronchus,0.00,2.00,2.00
2016-2020,62080,Lung & Bronchus,11.00,2.00,13.00
2016-2020,62082,Lung & Bronchus,11.00,10.00,21.00
2016-2020,62083,Lung & Bronchus,0.00,1.00,1.00
2016-2020,62084,Lung & Bronchus,2.00,2.00,4.00
2016-2020,62086,Lung & Bronchus,1.00,1.00,2.00
2016-2020,62087,Lung & Bronchus,8.00,10.00,18.00
2016-2020,62088,Lung & Bronchus,21.00,21.00,42.00
2016-2020,62089,Lung & Bronchus,2.00,1.00,3.00
2016-2020,62090,Lung & Bronchus,3.00,7.00,10.00
2016-2020,62091,Lung & Bronchus,1.00,1.00,2.00
2016-2020,62092,Lung & Bronchus,10.00,11.00,21.00
2016-2020,62093,Lung & Bronchus,1.00,0.00,1.00
2016-2020,62094,Lung & Bronchus,6.00,5.00,11.00
2016-2020,62095,Lung & Bronchus,26.00,28.00,54.00
2016-2020,62097,Lung & Bronchus,8.00,7.00,15.00
2016-2020,62201,Lung & Bronchus,12.00,10.00,22.00
2016-2020,62202,Lung & Bronchus,0.00,1.00,1.00
2016-2020,62203,Lung & Bronchus,20.00,26.00,46.00
2016-2020,62204,Lung & Bronchus,19.00,21.00,40.00
2016-2020,62205,Lung & Bronchus,23.00,17.00,40.00
2016-2020,62206,Lung & Bronchus,34.00,40.00,74.00
2016-2020,62207,Lung & Bronchus,20.00,20.00,40.00
2016-2020,62208,Lung & Bronchus,30.00,40.00,70.00
2016-2020,62214,Lung & Bronchus,2.00,1.00,3.00
2016-2020,62215,Lung & Bronchus,3.00,2.00,5.00
2016-2020,62216,Lung & Bronchus,3.00,6.00,9.00
2016-2020,62217,Lung & Bronchus,2.00,0.00,2.00
2016-2020,62218,Lung & Bronchus,1.00,1.00,2.00
2016-2020,62219,Lung & Bronchus,1.00,4.00,5.00
2016-2020,62220,Lung & Bronchus,47.00,42.00,89.00
2016-2020,62221,Lung & Bronchus,52.00,61.00,113.00
2016-2020,62223,Lung & Bronchus,45.00,44.00,89.00
2016-2020,62226,Lung & Bronchus,58.00,48.00,106.00
2016-2020,62230,Lung & Bronchus,17.00,18.00,35.00
2016-2020,62231,Lung & Bronchus,22.00,14.00,36.00
2016-2020,62232,Lung & Bronchus,26.00,29.00,55.00
2016-2020,62233,Lung & Bronchus,17.00,23.00,40.00
2016-2020,62234,Lung & Bronchus,74.00,99.00,173.00
2016-2020,62236,Lung & Bronchus,21.00,29.00,50.00
2016-2020,62237,Lung & Bronchus,12.00,10.00,22.00
2016-2020,62238,Lung & Bronchus,2.00,4.00,6.00
2016-2020,62239,Lung & Bronchus,13.00,10.00,23.00
2016-2020,62240,Lung & Bronchus,8.00,10.00,18.00
2016-2020,62241,Lung & Bronchus,5.00,5.00,10.00
2016-2020,62242,Lung & Bronchus,3.00,3.00,6.00
2016-2020,62243,Lung & Bronchus,15.00,20.00,35.00
2016-2020,62244,Lung & Bronchus,1.00,2.00,3.00
2016-2020,62245,Lung & Bronchus,3.00,2.00,5.00
2016-2020,62246,Lung & Bronchus,14.00,20.00,34.00
2016-2020,62249,Lung & Bronchus,30.00,37.00,67.00
2016-2020,62250,Lung & Bronchus,3.00,0.00,3.00
2016-2020,62253,Lung & Bronchus,5.00,2.00,7.00
2016-2020,62254,Lung & Bronchus,13.00,17.00,30.00
2016-2020,62255,Lung & Bronchus,3.00,6.00,9.00
2016-2020,62257,Lung & Bronchus,13.00,7.00,20.00
2016-2020,62258,Lung & Bronchus,20.00,14.00,34.00
2016-2020,62259,Lung & Bronchus,2.00,0.00,2.00
2016-2020,62260,Lung & Bronchus,20.00,15.00,35.00
2016-2020,62261,Lung & Bronchus,0.00,1.00,1.00
2016-2020,62262,Lung & Bronchus,4.00,4.00,8.00
2016-2020,62263,Lung & Bronchus,15.00,9.00,24.00
2016-2020,62264,Lung & Bronchus,12.00,9.00,21.00
2016-2020,62265,Lung & Bronchus,10.00,9.00,19.00
2016-2020,62266,Lung & Bronchus,1.00,0.00,1.00
2016-2020,62268,Lung & Bronchus,6.00,1.00,7.00
2016-2020,62269,Lung & Bronchus,45.00,65.00,110.00
2016-2020,62271,Lung & Bronchus,6.00,6.00,12.00
2016-2020,62272,Lung & Bronchus,0.00,7.00,7.00
2016-2020,62273,Lung & Bronchus,1.00,1.00,2.00
2016-2020,62274,Lung & Bronchus,22.00,17.00,39.00
2016-2020,62275,Lung & Bronchus,9.00,9.00,18.00
2016-2020,62277,Lung & Bronchus,2.00,4.00,6.00
2016-2020,62278,Lung & Bronchus,19.00,11.00,30.00
2016-2020,62280,Lung & Bronchus,0.00,1.00,1.00
2016-2020,62281,Lung & Bronchus,3.00,5.00,8.00
2016-2020,62282,Lung & Bronchus,1.00,3.00,4.00
2016-2020,60005,Lung & Bronchus,48.00,58.00,106.00
2016-2020,60007,Lung & Bronchus,74.00,82.00,156.00
2016-2020,60008,Lung & Bronchus,40.00,36.00,76.00
2016-2020,60009,Lung & Bronchus,1.00,0.00,1.00
2016-2020,60010,Lung & Bronchus,57.00,85.00,142.00
2016-2020,60011,Lung & Bronchus,0.00,1.00,1.00
2016-2020,60012,Lung & Bronchus,15.00,15.00,30.00
2016-2020,60013,Lung & Bronchus,36.00,37.00,73.00
2016-2020,60014,Lung & Bronchus,66.00,72.00,138.00
2016-2020,60015,Lung & Bronchus,20.00,33.00,53.00
2016-2020,60016,Lung & Bronchus,117.00,96.00,213.00
2016-2020,60017,Lung & Bronchus,0.00,1.00,1.00
2016-2020,60018,Lung & Bronchus,51.00,57.00,108.00
2016-2020,60020,Lung & Bronchus,26.00,34.00,60.00
2016-2020,60021,Lung & Bronchus,11.00,11.00,22.00
2016-2020,60022,Lung & Bronchus,7.00,7.00,14.00
2016-2020,60025,Lung & Bronchus,68.00,81.00,149.00
2016-2020,60026,Lung & Bronchus,30.00,27.00,57.00
2016-2020,60029,Lung & Bronchus,0.00,1.00,1.00
2016-2020,60030,Lung & Bronchus,56.00,89.00,145.00
2016-2020,60031,Lung & Bronchus,51.00,57.00,108.00
2016-2020,60033,Lung & Bronchus,23.00,18.00,41.00
2016-2020,60034,Lung & Bronchus,4.00,4.00,8.00
2016-2020,60035,Lung & Bronchus,37.00,58.00,95.00
2016-2020,60040,Lung & Bronchus,6.00,11.00,17.00
2016-2020,60041,Lung & Bronchus,25.00,20.00,45.00
2016-2020,60042,Lung & Bronchus,14.00,14.00,28.00
2016-2020,60043,Lung & Bronchus,0.00,4.00,4.00
2016-2020,60044,Lung & Bronchus,10.00,11.00,21.00
2016-2020,60045,Lung & Bronchus,37.00,23.00,60.00
2016-2020,60046,Lung & Bronchus,60.00,60.00,120.00
2016-2020,60047,Lung & Bronchus,50.00,61.00,111.00
2016-2020,60048,Lung & Bronchus,33.00,33.00,66.00
2016-2020,60050,Lung & Bronchus,62.00,70.00,132.00
2016-2020,60051,Lung & Bronchus,58.00,67.00,125.00
2016-2020,60053,Lung & Bronchus,40.00,38.00,78.00
2016-2020,60056,Lung & Bronchus,81.00,83.00,164.00
2016-2020,60060,Lung & Bronchus,48.00,64.00,112.00
2016-2020,60061,Lung & Bronchus,19.00,34.00,53.00
2016-2020,60062,Lung & Bronchus,76.00,94.00,170.00
2016-2020,60064,Lung & Bronchus,24.00,17.00,41.00
2016-2020,60067,Lung & Bronchus,49.00,56.00,105.00
2016-2020,60068,Lung & Bronchus,53.00,52.00,105.00
2016-2020,60069,Lung & Bronchus,23.00,23.00,46.00
2016-2020,60070,Lung & Bronchus,20.00,15.00,35.00
2016-2020,60071,Lung & Bronchus,14.00,9.00,23.00
2016-2020,60072,Lung & Bronchus,3.00,1.00,4.00
2016-2020,60073,Lung & Bronchus,61.00,53.00,114.00
2016-2020,60074,Lung & Bronchus,56.00,51.00,107.00
2016-2020,60076,Lung & Bronchus,50.00,44.00,94.00
2016-2020,60077,Lung & Bronchus,44.00,42.00,86.00
2016-2020,60078,Lung & Bronchus,1.00,0.00,1.00
2016-2020,60081,Lung & Bronchus,15.00,15.00,30.00
2016-2020,60082,Lung & Bronchus,1.00,0.00,1.00
2016-2020,60083,Lung & Bronchus,11.00,10.00,21.00
2016-2020,62284,Lung & Bronchus,2.00,0.00,2.00
2016-2020,62285,Lung & Bronchus,9.00,9.00,18.00
2016-2020,62286,Lung & Bronchus,19.00,20.00,39.00
2016-2020,62288,Lung & Bronchus,6.00,8.00,14.00
2016-2020,62289,Lung & Bronchus,2.00,1.00,3.00
2016-2020,62292,Lung & Bronchus,1.00,7.00,8.00
2016-2020,62293,Lung & Bronchus,10.00,8.00,18.00
2016-2020,62294,Lung & Bronchus,29.00,33.00,62.00
2016-2020,62295,Lung & Bronchus,1.00,0.00,1.00
2016-2020,62297,Lung & Bronchus,0.00,3.00,3.00
2016-2020,62298,Lung & Bronchus,34.00,31.00,65.00
2016-2020,62301,Lung & Bronchus,106.00,85.00,191.00
2016-2020,62305,Lung & Bronchus,46.00,34.00,80.00
2016-2020,62311,Lung & Bronchus,2.00,1.00,3.00
2016-2020,62312,Lung & Bronchus,10.00,10.00,20.00
2016-2020,62314,Lung & Bronchus,0.00,2.00,2.00
2016-2020,62316,Lung & Bronchus,3.00,2.00,5.00
2016-2020,62319,Lung & Bronchus,1.00,0.00,1.00
2016-2020,62320,Lung & Bronchus,5.00,2.00,7.00
2016-2020,62321,Lung & Bronchus,9.00,13.00,22.00
2016-2020,62323,Lung & Bronchus,0.00,1.00,1.00
2016-2020,62324,Lung & Bronchus,3.00,4.00,7.00
2016-2020,62325,Lung & Bronchus,2.00,2.00,4.00
2016-2020,62326,Lung & Bronchus,8.00,13.00,21.00
2016-2020,62330,Lung & Bronchus,8.00,4.00,12.00
2016-2020,62334,Lung & Bronchus,2.00,0.00,2.00
2016-2020,62338,Lung & Bronchus,5.00,1.00,6.00
2016-2020,62339,Lung & Bronchus,1.00,5.00,6.00
2016-2020,62340,Lung & Bronchus,12.00,3.00,15.00
2016-2020,62341,Lung & Bronchus,9.00,9.00,18.00
2016-2020,62343,Lung & Bronchus,2.00,2.00,4.00
2016-2020,62344,Lung & Bronchus,1.00,0.00,1.00
2016-2020,62345,Lung & Bronchus,1.00,1.00,2.00
2016-2020,62347,Lung & Bronchus,4.00,5.00,9.00
2016-2020,62349,Lung & Bronchus,3.00,4.00,7.00
2016-2020,62351,Lung & Bronchus,5.00,4.00,9.00
2016-2020,62352,Lung & Bronchus,0.00,1.00,1.00
2016-2020,62353,Lung & Bronchus,12.00,12.00,24.00
2016-2020,62354,Lung & Bronchus,1.00,4.00,5.00
2016-2020,62355,Lung & Bronchus,7.00,0.00,7.00
2016-2020,62356,Lung & Bronchus,3.00,0.00,3.00
2016-2020,62357,Lung & Bronchus,1.00,1.00,2.00
2016-2020,62358,Lung & Bronchus,5.00,5.00,10.00
2016-2020,62359,Lung & Bronchus,1.00,1.00,2.00
2016-2020,62360,Lung & Bronchus,6.00,6.00,12.00
2016-2020,62361,Lung & Bronchus,4.00,1.00,5.00
2016-2020,62362,Lung & Bronchus,1.00,2.00,3.00
2016-2020,62363,Lung & Bronchus,18.00,16.00,34.00
2016-2020,62365,Lung & Bronchus,1.00,1.00,2.00
2016-2020,62366,Lung & Bronchus,2.00,5.00,7.00
2016-2020,62367,Lung & Bronchus,3.00,3.00,6.00
2016-2020,62370,Lung & Bronchus,3.00,1.00,4.00
2016-2020,62374,Lung & Bronchus,1.00,1.00,2.00
2016-2020,62375,Lung & Bronchus,4.00,2.00,6.00
2016-2020,62376,Lung & Bronchus,5.00,3.00,8.00
2016-2020,62378,Lung & Bronchus,1.00,0.00,1.00
2016-2020,62379,Lung & Bronchus,4.00,6.00,10.00
2016-2020,62380,Lung & Bronchus,5.00,0.00,5.00
2016-2020,62401,Lung & Bronchus,39.00,39.00,78.00
2016-2020,62410,Lung & Bronchus,4.00,3.00,7.00
2016-2020,62411,Lung & Bronchus,10.00,8.00,18.00
2016-2020,62413,Lung & Bronchus,3.00,0.00,3.00
2016-2020,62414,Lung & Bronchus,7.00,3.00,10.00
2016-2020,62417,Lung & Bronchus,8.00,8.00,16.00
2016-2020,62418,Lung & Bronchus,8.00,6.00,14.00
2016-2020,62419,Lung & Bronchus,1.00,0.00,1.00
2016-2020,62420,Lung & Bronchus,9.00,13.00,22.00
2016-2020,62421,Lung & Bronchus,7.00,1.00,8.00
2016-2020,62422,Lung & Bronchus,2.00,2.00,4.00
2016-2020,62423,Lung & Bronchus,1.00,1.00,2.00
2016-2020,62424,Lung & Bronchus,3.00,4.00,7.00
2016-2020,62425,Lung & Bronchus,2.00,1.00,3.00
2016-2020,62426,Lung & Bronchus,7.00,4.00,11.00
2016-2020,62427,Lung & Bronchus,1.00,7.00,8.00
2016-2020,62428,Lung & Bronchus,5.00,7.00,12.00
2016-2020,62431,Lung & Bronchus,9.00,3.00,12.00
2016-2020,62432,Lung & Bronchus,0.00,3.00,3.00
2016-2020,62433,Lung & Bronchus,5.00,1.00,6.00
2016-2020,62434,Lung & Bronchus,1.00,1.00,2.00
2016-2020,62436,Lung & Bronchus,1.00,2.00,3.00
2016-2020,62438,Lung & Bronchus,0.00,1.00,1.00
2016-2020,62439,Lung & Bronchus,25.00,22.00,47.00
2016-2020,62440,Lung & Bronchus,3.00,3.00,6.00
2016-2020,62441,Lung & Bronchus,24.00,13.00,37.00
2016-2020,62442,Lung & Bronchus,7.00,6.00,13.00
2016-2020,62443,Lung & Bronchus,2.00,3.00,5.00
2016-2020,62444,Lung & Bronchus,0.00,2.00,2.00
2016-2020,62445,Lung & Bronchus,3.00,1.00,4.00
2016-2020,62446,Lung & Bronchus,0.00,1.00,1.00
2016-2020,62447,Lung & Bronchus,10.00,7.00,17.00
2016-2020,62448,Lung & Bronchus,19.00,11.00,30.00
2016-2020,62449,Lung & Bronchus,11.00,7.00,18.00
2016-2020,62450,Lung & Bronchus,33.00,30.00,63.00
2016-2020,62451,Lung & Bronchus,8.00,4.00,12.00
2016-2020,62452,Lung & Bronchus,2.00,2.00,4.00
2016-2020,62454,Lung & Bronchus,34.00,29.00,63.00
2016-2020,62458,Lung & Bronchus,3.00,6.00,9.00
2016-2020,62460,Lung & Bronchus,3.00,0.00,3.00
2016-2020,62461,Lung & Bronchus,2.00,0.00,2.00
2016-2020,62462,Lung & Bronchus,1.00,1.00,2.00
2016-2020,62463,Lung & Bronchus,3.00,2.00,5.00
2016-2020,62464,Lung & Bronchus,0.00,1.00,1.00
2016-2020,62465,Lung & Bronchus,1.00,1.00,2.00
2016-2020,62466,Lung & Bronchus,7.00,6.00,13.00
2016-2020,62467,Lung & Bronchus,8.00,2.00,10.00
2016-2020,62468,Lung & Bronchus,7.00,5.00,12.00
2016-2020,62469,Lung & Bronchus,2.00,0.00,2.00
2016-2020,62471,Lung & Bronchus,31.00,24.00,55.00
2016-2020,62473,Lung & Bronchus,2.00,5.00,7.00
2016-2020,62474,Lung & Bronchus,2.00,1.00,3.00
2016-2020,62475,Lung & Bronchus,0.00,1.00,1.00
2016-2020,62476,Lung & Bronchus,5.00,2.00,7.00
2016-2020,62477,Lung & Bronchus,2.00,2.00,4.00
2016-2020,62478,Lung & Bronchus,1.00,0.00,1.00
2016-2020,62479,Lung & Bronchus,2.00,4.00,6.00
2016-2020,62480,Lung & Bronchus,4.00,1.00,5.00
2016-2020,62481,Lung & Bronchus,0.00,1.00,1.00
2016-2020,62501,Lung & Bronchus,5.00,11.00,16.00
2016-2020,62510,Lung & Bronchus,6.00,5.00,11.00
2016-2020,62512,Lung & Bronchus,3.00,2.00,5.00
2016-2020,62513,Lung & Bronchus,11.00,1.00,12.00
2016-2020,62514,Lung & Bronchus,1.00,0.00,1.00
2016-2020,62515,Lung & Bronchus,4.00,4.00,8.00
2016-2020,62517,Lung & Bronchus,1.00,1.00,2.00
2016-2020,62518,Lung & Bronchus,1.00,1.00,2.00
2016-2020,62519,Lung & Bronchus,1.00,0.00,1.00
2016-2020,62520,Lung & Bronchus,6.00,4.00,10.00
2016-2020,62521,Lung & Bronchus,113.00,117.00,230.00
2016-2020,62522,Lung & Bronchus,49.00,38.00,87.00
2016-2020,62523,Lung & Bronchus,3.00,6.00,9.00
2016-2020,62525,Lung & Bronchus,3.00,0.00,3.00
2016-2020,62526,Lung & Bronchus,116.00,135.00,251.00
2016-2020,62530,Lung & Bronchus,6.00,6.00,12.00
2016-2020,62531,Lung & Bronchus,4.00,4.00,8.00
2016-2020,62532,Lung & Bronchus,1.00,1.00,2.00
2016-2020,62533,Lung & Bronchus,1.00,1.00,2.00
2016-2020,62534,Lung & Bronchus,7.00,3.00,10.00
2016-2020,62535,Lung & Bronchus,9.00,7.00,16.00
2016-2020,62536,Lung & Bronchus,3.00,2.00,5.00
2016-2020,62537,Lung & Bronchus,0.00,1.00,1.00
2016-2020,62538,Lung & Bronchus,2.00,0.00,2.00
2016-2020,62539,Lung & Bronchus,8.00,9.00,17.00
2016-2020,62540,Lung & Bronchus,5.00,7.00,12.00
2016-2020,62541,Lung & Bronchus,2.00,0.00,2.00
2016-2020,62543,Lung & Bronchus,1.00,2.00,3.00
2016-2020,62544,Lung & Bronchus,4.00,5.00,9.00
2016-2020,62545,Lung & Bronchus,5.00,0.00,5.00
2016-2020,62546,Lung & Bronchus,5.00,2.00,7.00
2016-2020,62547,Lung & Bronchus,2.00,2.00,4.00
2016-2020,62548,Lung & Bronchus,6.00,4.00,10.00
2016-2020,62549,Lung & Bronchus,13.00,14.00,27.00
2016-2020,62550,Lung & Bronchus,12.00,6.00,18.00
2016-2020,62551,Lung & Bronchus,2.00,3.00,5.00
2016-2020,62553,Lung & Bronchus,3.00,2.00,5.00
2016-2020,62554,Lung & Bronchus,6.00,2.00,8.00
2016-2020,62555,Lung & Bronchus,0.00,2.00,2.00
2016-2020,62556,Lung & Bronchus,0.00,3.00,3.00
2016-2020,62557,Lung & Bronchus,23.00,25.00,48.00
2016-2020,62558,Lung & Bronchus,11.00,1.00,12.00
2016-2020,62560,Lung & Bronchus,1.00,7.00,8.00
2016-2020,62561,Lung & Bronchus,16.00,10.00,26.00
2016-2020,62563,Lung & Bronchus,11.00,16.00,27.00
2016-2020,62565,Lung & Bronchus,34.00,25.00,59.00
2016-2020,62567,Lung & Bronchus,3.00,4.00,7.00
2016-2020,62568,Lung & Bronchus,71.00,48.00,119.00
2016-2020,62570,Lung & Bronchus,4.00,2.00,6.00
2016-2020,62571,Lung & Bronchus,4.00,3.00,7.00
2016-2020,62572,Lung & Bronchus,1.00,0.00,1.00
2016-2020,62573,Lung & Bronchus,1.00,6.00,7.00
2016-2020,62601,Lung & Bronchus,1.00,1.00,2.00
2016-2020,62610,Lung & Bronchus,1.00,0.00,1.00
2016-2020,62611,Lung & Bronchus,3.00,2.00,5.00
2016-2020,62612,Lung & Bronchus,5.00,6.00,11.00
2016-2020,62613,Lung & Bronchus,6.00,9.00,15.00
2016-2020,62615,Lung & Bronchus,19.00,16.00,35.00
2016-2020,62617,Lung & Bronchus,5.00,2.00,7.00
2016-2020,62618,Lung & Bronchus,24.00,20.00,44.00
2016-2020,62621,Lung & Bronchus,1.00,2.00,3.00
2016-2020,62624,Lung & Bronchus,2.00,1.00,3.00
2016-2020,62625,Lung & Bronchus,1.00,1.00,2.00
2016-2020,62626,Lung & Bronchus,32.00,19.00,51.00
2016-2020,62627,Lung & Bronchus,0.00,6.00,6.00
2016-2020,62628,Lung & Bronchus,7.00,2.00,9.00
2016-2020,62629,Lung & Bronchus,28.00,17.00,45.00
2016-2020,62630,Lung & Bronchus,1.00,3.00,4.00
2016-2020,62633,Lung & Bronchus,6.00,1.00,7.00
2016-2020,62634,Lung & Bronchus,4.00,5.00,9.00
2016-2020,62635,Lung & Bronchus,2.00,1.00,3.00
2016-2020,62638,Lung & Bronchus,4.00,4.00,8.00
2016-2020,62639,Lung & Bronchus,3.00,2.00,5.00
2016-2020,62640,Lung & Bronchus,8.00,6.00,14.00
2016-2020,62642,Lung & Bronchus,7.00,3.00,10.00
2016-2020,62643,Lung & Bronchus,0.00,2.00,2.00
2016-2020,62644,Lung & Bronchus,20.00,19.00,39.00
2016-2020,62649,Lung & Bronchus,2.00,0.00,2.00
2016-2020,62650,Lung & Bronchus,84.00,82.00,166.00
2016-2020,62651,Lung & Bronchus,2.00,1.00,3.00
2016-2020,62655,Lung & Bronchus,2.00,3.00,5.00
2016-2020,62656,Lung & Bronchus,82.00,68.00,150.00
2016-2020,62661,Lung & Bronchus,4.00,3.00,7.00
2016-2020,62663,Lung & Bronchus,2.00,2.00,4.00
2016-2020,62664,Lung & Bronchus,14.00,8.00,22.00
2016-2020,62665,Lung & Bronchus,3.00,3.00,6.00
2016-2020,62666,Lung & Bronchus,1.00,2.00,3.00
2016-2020,62667,Lung & Bronchus,2.00,0.00,2.00
2016-2020,62668,Lung & Bronchus,3.00,1.00,4.00
2016-2020,62670,Lung & Bronchus,8.00,6.00,14.00
2016-2020,62672,Lung & Bronchus,1.00,3.00,4.00
2016-2020,62673,Lung & Bronchus,3.00,0.00,3.00
2016-2020,62674,Lung & Bronchus,6.00,8.00,14.00
2016-2020,62675,Lung & Bronchus,18.00,12.00,30.00
2016-2020,62677,Lung & Bronchus,6.00,4.00,10.00
2016-2020,62681,Lung & Bronchus,19.00,14.00,33.00
2016-2020,62682,Lung & Bronchus,1.00,3.00,4.00
2016-2020,62684,Lung & Bronchus,9.00,11.00,20.00
2016-2020,62685,Lung & Bronchus,6.00,4.00,10.00
2016-2020,62688,Lung & Bronchus,1.00,2.00,3.00
2016-2020,62689,Lung & Bronchus,1.00,0.00,1.00
2016-2020,62690,Lung & Bronchus,16.00,17.00,33.00
2016-2020,62691,Lung & Bronchus,8.00,8.00,16.00
2016-2020,62692,Lung & Bronchus,9.00,6.00,15.00
2016-2020,62693,Lung & Bronchus,4.00,7.00,11.00
2016-2020,62694,Lung & Bronchus,9.00,12.00,21.00
2016-2020,62695,Lung & Bronchus,2.00,4.00,6.00
2016-2020,62701,Lung & Bronchus,4.00,5.00,9.00
2016-2020,62702,Lung & Bronchus,121.00,131.00,252.00
2016-2020,62703,Lung & Bronchus,82.00,90.00,172.00
2016-2020,62704,Lung & Bronchus,87.00,105.00,192.00
2016-2020,62705,Lung & Bronchus,0.00,1.00,1.00
2016-2020,62707,Lung & Bronchus,21.00,20.00,41.00
2016-2020,62708,Lung & Bronchus,1.00,1.00,2.00
2016-2020,62711,Lung & Bronchus,29.00,35.00,64.00
2016-2020,62712,Lung & Bronchus,21.00,16.00,37.00
2016-2020,62801,Lung & Bronchus,79.00,80.00,159.00
2016-2020,62803,Lung & Bronchus,1.00,0.00,1.00
2016-2020,62806,Lung & Bronchus,10.00,8.00,18.00
2016-2020,62807,Lung & Bronchus,2.00,1.00,3.00
2016-2020,62808,Lung & Bronchus,1.00,1.00,2.00
2016-2020,62809,Lung & Bronchus,0.00,1.00,1.00
2016-2020,62810,Lung & Bronchus,3.00,2.00,5.00
2016-2020,62811,Lung & Bronchus,1.00,1.00,2.00
2016-2020,62812,Lung & Bronchus,51.00,39.00,90.00
2016-2020,62814,Lung & Bronchus,5.00,4.00,9.00
2016-2020,62815,Lung & Bronchus,1.00,0.00,1.00
2016-2020,62816,Lung & Bronchus,0.00,2.00,2.00
2016-2020,62817,Lung & Bronchus,1.00,1.00,2.00
2016-2020,62818,Lung & Bronchus,1.00,1.00,2.00
2016-2020,62819,Lung & Bronchus,2.00,0.00,2.00
2016-2020,62820,Lung & Bronchus,1.00,0.00,1.00
2016-2020,62821,Lung & Bronchus,25.00,21.00,46.00
2016-2020,62822,Lung & Bronchus,8.00,12.00,20.00
2016-2020,62823,Lung & Bronchus,4.00,4.00,8.00
2016-2020,62824,Lung & Bronchus,5.00,8.00,13.00
2016-2020,62827,Lung & Bronchus,3.00,1.00,4.00
2016-2020,62828,Lung & Bronchus,3.00,0.00,3.00
2016-2020,62830,Lung & Bronchus,3.00,4.00,7.00
2016-2020,62831,Lung & Bronchus,2.00,2.00,4.00
2016-2020,62832,Lung & Bronchus,25.00,24.00,49.00
2016-2020,62833,Lung & Bronchus,1.00,2.00,3.00
2016-2020,62835,Lung & Bronchus,6.00,0.00,6.00
2016-2020,62836,Lung & Bronchus,1.00,3.00,4.00
2016-2020,62837,Lung & Bronchus,22.00,29.00,51.00
2016-2020,62838,Lung & Bronchus,5.00,4.00,9.00
2016-2020,62839,Lung & Bronchus,26.00,18.00,44.00
2016-2020,62841,Lung & Bronchus,2.00,1.00,3.00
2016-2020,62842,Lung & Bronchus,0.00,2.00,2.00
2016-2020,62844,Lung & Bronchus,8.00,11.00,19.00
2016-2020,62846,Lung & Bronchus,8.00,4.00,12.00
2016-2020,62848,Lung & Bronchus,3.00,3.00,6.00
2016-2020,62849,Lung & Bronchus,10.00,2.00,12.00
2016-2020,62850,Lung & Bronchus,2.00,1.00,3.00
2016-2020,62851,Lung & Bronchus,2.00,0.00,2.00
2016-2020,62852,Lung & Bronchus,1.00,0.00,1.00
2016-2020,62853,Lung & Bronchus,5.00,2.00,7.00
2016-2020,62854,Lung & Bronchus,5.00,3.00,8.00
2016-2020,62856,Lung & Bronchus,1.00,0.00,1.00
2016-2020,62858,Lung & Bronchus,12.00,3.00,15.00
2016-2020,62859,Lung & Bronchus,16.00,11.00,27.00
2016-2020,62860,Lung & Bronchus,2.00,2.00,4.00
2016-2020,62862,Lung & Bronchus,2.00,2.00,4.00
2016-2020,62863,Lung & Bronchus,29.00,19.00,48.00
2016-2020,62864,Lung & Bronchus,81.00,72.00,153.00
2016-2020,62865,Lung & Bronchus,3.00,3.00,6.00
2016-2020,62867,Lung & Bronchus,4.00,1.00,5.00
2016-2020,62868,Lung & Bronchus,3.00,3.00,6.00
2016-2020,62869,Lung & Bronchus,5.00,4.00,9.00
2016-2020,62870,Lung & Bronchus,6.00,6.00,12.00
2016-2020,62871,Lung & Bronchus,2.00,0.00,2.00
2016-2020,62872,Lung & Bronchus,3.00,0.00,3.00
2016-2020,62874,Lung & Bronchus,3.00,2.00,5.00
2016-2020,62875,Lung & Bronchus,10.00,1.00,11.00
2016-2020,62877,Lung & Bronchus,3.00,1.00,4.00
2016-2020,62878,Lung & Bronchus,2.00,0.00,2.00
2016-2020,62880,Lung & Bronchus,2.00,1.00,3.00
2016-2020,62881,Lung & Bronchus,33.00,31.00,64.00
2016-2020,62882,Lung & Bronchus,3.00,10.00,13.00
2016-2020,62883,Lung & Bronchus,0.00,1.00,1.00
2016-2020,62884,Lung & Bronchus,16.00,6.00,22.00
2016-2020,62885,Lung & Bronchus,3.00,1.00,4.00
2016-2020,62887,Lung & Bronchus,1.00,0.00,1.00
2016-2020,62888,Lung & Bronchus,8.00,9.00,17.00
2016-2020,62889,Lung & Bronchus,4.00,1.00,5.00
2016-2020,62890,Lung & Bronchus,12.00,9.00,21.00
2016-2020,62891,Lung & Bronchus,1.00,3.00,4.00
2016-2020,62892,Lung & Bronchus,2.00,1.00,3.00
2016-2020,62893,Lung & Bronchus,2.00,2.00,4.00
2016-2020,62894,Lung & Bronchus,6.00,1.00,7.00
2016-2020,62895,Lung & Bronchus,6.00,6.00,12.00
2016-2020,62896,Lung & Bronchus,35.00,28.00,63.00
2016-2020,62898,Lung & Bronchus,3.00,5.00,8.00
2016-2020,62899,Lung & Bronchus,7.00,5.00,12.00
2016-2020,62901,Lung & Bronchus,34.00,36.00,70.00
2016-2020,62902,Lung & Bronchus,14.00,11.00,25.00
2016-2020,62903,Lung & Bronchus,4.00,2.00,6.00
2016-2020,62905,Lung & Bronchus,2.00,3.00,5.00
2016-2020,62906,Lung & Bronchus,25.00,32.00,57.00
2016-2020,62907,Lung & Bronchus,5.00,3.00,8.00
2016-2020,62910,Lung & Bronchus,12.00,7.00,19.00
2016-2020,62912,Lung & Bronchus,2.00,4.00,6.00
2016-2020,62914,Lung & Bronchus,18.00,9.00,27.00
2016-2020,62915,Lung & Bronchus,5.00,1.00,6.00
2016-2020,62916,Lung & Bronchus,2.00,3.00,5.00
2016-2020,62917,Lung & Bronchus,14.00,1.00,15.00
2016-2020,62918,Lung & Bronchus,24.00,15.00,39.00
2016-2020,62919,Lung & Bronchus,6.00,3.00,9.00
2016-2020,62920,Lung & Bronchus,10.00,7.00,17.00
2016-2020,62921,Lung & Bronchus,2.00,3.00,5.00
2016-2020,62922,Lung & Bronchus,12.00,11.00,23.00
2016-2020,62923,Lung & Bronchus,5.00,1.00,6.00
2016-2020,62924,Lung & Bronchus,4.00,7.00,11.00
2016-2020,62926,Lung & Bronchus,6.00,7.00,13.00
2016-2020,62927,Lung & Bronchus,5.00,2.00,7.00
2016-2020,62928,Lung & Bronchus,2.00,0.00,2.00
2016-2020,62930,Lung & Bronchus,14.00,14.00,28.00
2016-2020,62931,Lung & Bronchus,7.00,6.00,13.00
2016-2020,62932,Lung & Bronchus,4.00,5.00,9.00
2016-2020,62933,Lung & Bronchus,4.00,2.00,6.00
2016-2020,62934,Lung & Bronchus,2.00,4.00,6.00
2016-2020,62935,Lung & Bronchus,7.00,5.00,12.00
2016-2020,62938,Lung & Bronchus,10.00,10.00,20.00
2016-2020,62939,Lung & Bronchus,15.00,12.00,27.00
2016-2020,62940,Lung & Bronchus,2.00,1.00,3.00
2016-2020,62941,Lung & Bronchus,1.00,2.00,3.00
2016-2020,62942,Lung & Bronchus,4.00,4.00,8.00
2016-2020,62943,Lung & Bronchus,2.00,1.00,3.00
2016-2020,62946,Lung & Bronchus,45.00,41.00,86.00
2016-2020,62947,Lung & Bronchus,0.00,2.00,2.00
2016-2020,62948,Lung & Bronchus,37.00,39.00,76.00
2016-2020,62949,Lung & Bronchus,4.00,3.00,7.00
2016-2020,62951,Lung & Bronchus,18.00,28.00,46.00
2016-2020,62952,Lung & Bronchus,13.00,5.00,18.00
2016-2020,62953,Lung & Bronchus,3.00,0.00,3.00
2016-2020,62954,Lung & Bronchus,0.00,1.00,1.00
2016-2020,62956,Lung & Bronchus,5.00,4.00,9.00
2016-2020,62957,Lung & Bronchus,3.00,4.00,7.00
2016-2020,62958,Lung & Bronchus,3.00,6.00,9.00
2016-2020,62959,Lung & Bronchus,83.00,53.00,136.00
2016-2020,62960,Lung & Bronchus,37.00,36.00,73.00
2016-2020,62963,Lung & Bronchus,1.00,4.00,5.00
2016-2020,62964,Lung & Bronchus,6.00,3.00,9.00
2016-2020,62966,Lung & Bronchus,47.00,34.00,81.00
2016-2020,62967,Lung & Bronchus,2.00,1.00,3.00
2016-2020,62969,Lung & Bronchus,2.00,3.00,5.00
2016-2020,62970,Lung & Bronchus,3.00,2.00,5.00
2016-2020,62972,Lung & Bronchus,4.00,0.00,4.00
2016-2020,62974,Lung & Bronchus,7.00,5.00,12.00
2016-2020,62975,Lung & Bronchus,1.00,1.00,2.00
2016-2020,62976,Lung & Bronchus,2.00,0.00,2.00
2016-2020,62977,Lung & Bronchus,0.00,1.00,1.00
2016-2020,62979,Lung & Bronchus,4.00,6.00,10.00
2016-2020,62982,Lung & Bronchus,8.00,5.00,13.00
2016-2020,62983,Lung & Bronchus,4.00,6.00,10.00
2016-2020,62984,Lung & Bronchus,7.00,6.00,13.00
2016-2020,62985,Lung & Bronchus,5.00,0.00,5.00
2016-2020,62987,Lung & Bronchus,2.00,3.00,5.00
2016-2020,62988,Lung & Bronchus,11.00,3.00,14.00
2016-2020,62990,Lung & Bronchus,7.00,3.00,10.00
2016-2020,62992,Lung & Bronchus,1.00,4.00,5.00
2016-2020,62994,Lung & Bronchus,4.00,1.00,5.00
2016-2020,62995,Lung & Bronchus,18.00,15.00,33.00
2016-2020,62996,Lung & Bronchus,4.00,1.00,5.00
2016-2020,62997,Lung & Bronchus,2.00,2.00,4.00
2016-2020,62998,Lung & Bronchus,1.00,3.00,4.00
2016-2020,62999,Lung & Bronchus,6.00,4.00,10.00
,,,,,
Cancer Incidence: By Zip Code,,,,,
Five-Year Cancer Incidence Counts,,,,,
"Source: Illinois Department of Public Health, Illinois State Cancer Registry,
data as of November 2022.",,,,,
